timestamp,price
2026-07-20 16:23:12,56193
2026-07-20 16:23:23,56140
2026-07-20 16:23:33,56140
2026-07-20 16:23:44,56140
2026-07-20 16:23:54,56140
2026-07-20 16:24:05,56140
2026-07-20 16:24:15,56140
2026-07-20 16:24:26,56166
2026-07-20 16:25:35,56233
2026-07-20 16:25:45,56233
2026-07-20 16:25:56,56233
2026-07-20 16:26:07,56233
2026-07-20 16:26:18,56233
2026-07-20 16:26:29,56301
2026-07-20 16:26:40,56301
2026-07-20 16:26:51,56301
2026-07-20 16:27:02,56301
2026-07-20 16:27:13,56301
2026-07-20 16:28:27,56345
2026-07-20 16:28:38,56345
2026-07-20 16:28:48,56345
2026-07-20 16:28:59,56345
2026-07-20 16:29:09,56345
2026-07-20 16:29:21,56364
2026-07-20 16:29:32,56364
2026-07-20 16:29:43,56364
2026-07-20 16:29:53,56364
2026-07-20 16:30:04,56364
2026-07-20 16:30:14,56364
2026-07-20 16:30:25,56370
2026-07-20 16:30:36,56370
